insert into countries (id, name) values (1, 'Morocco');
insert into countries (id, name) values (2, 'China');
insert into countries (id, name) values (4, 'Russia');
insert into countries (id, name) values (5, 'Indonesia');
insert into countries (id, name) values (6, 'Bangladesh');
insert into countries (id, name) values (8, 'Ireland');
insert into countries (id, name) values (11, 'Poland');
insert into countries (id, name) values (12, 'Ghana');
insert into countries (id, name) values (13, 'Armenia');
insert into countries (id, name) values (15, 'Nigeria');
insert into countries (id, name) values (17, 'Canada');
insert into countries (id, name) values (19, 'Cameroon');
insert into countries (id, name) values (22, 'Malaysia');
insert into countries (id, name) values (24, 'Colombia');
insert into countries (id, name) values (28, 'Botswana');
insert into countries (id, name) values (31, 'Syria');
insert into countries (id, name) values (32, 'United States');
insert into countries (id, name) values (33, 'Japan');
insert into countries (id, name) values (34, 'Philippines');
insert into countries (id, name) values (35, 'Ethiopia');
insert into countries (id, name) values (36, 'Macedonia');
insert into countries (id, name) values (38, 'Finland');
insert into countries (id, name) values (39, 'France');
insert into countries (id, name) values (40, 'Thailand');
insert into countries (id, name) values (43, 'Liechtenstein');
insert into countries (id, name) values (45, 'Portugal');
insert into countries (id, name) values (47, 'Sweden');
insert into countries (id, name) values (48, 'Sudan');
insert into countries (id, name) values (49, 'Afghanistan');
insert into countries (id, name) values (50, 'Iran');
insert into countries (id, name) values (51, 'Mexico');
insert into countries (id, name) values (56, 'Denmark');
insert into countries (id, name) values (61, 'Israel');
insert into countries (id, name) values (63, 'Greece');
insert into countries (id, name) values (66, 'Peru');
insert into countries (id, name) values (72, 'Central African Republic');
insert into countries (id, name) values (76, 'Netherlands');
insert into countries (id, name) values (77, 'Guatemala');
insert into countries (id, name) values (78, 'Argentina');
insert into countries (id, name) values (80, 'Aruba');
insert into countries (id, name) values (83, 'Kosovo');
insert into countries (id, name) values (91, 'Vietnam');
insert into countries (id, name) values (97, 'New Zealand');
insert into countries (id, name) values (92, 'Brazil');
insert into countries (id, name) values (93, 'Germany');
insert into countries (id, name) values (94, 'Italy');
insert into countries (id, name) values (95, 'Spain');



insert into towns (id, name, country_id) values (1, 'Samsan', 2);
insert into towns (id, name, country_id) values (2, 'Saint Petersburg', 4);
insert into towns (id, name, country_id) values (3, 'Gaoliban', 2);
insert into towns (id, name, country_id) values (4, 'Bangbayang Kaler', 5);
insert into towns (id, name, country_id) values (5, 'Porto Seguro', 92);
insert into towns (id, name, country_id) values (6, 'Lameira', 45);
insert into towns (id, name, country_id) values (8, 'Bromma', 47);
insert into towns (id, name, country_id) values (9, 'IrГЎkleia', 63);
insert into towns (id, name, country_id) values (10, 'Santa Catalina', 34);
insert into towns (id, name, country_id) values (11, 'Dongqianhu', 2);
insert into towns (id, name, country_id) values (12, 'Raoshi', 2);
insert into towns (id, name, country_id) values (13, 'JГ¶nkГ¶ping', 47);
insert into towns (id, name, country_id) values (14, 'RiachГЈo das Neves', 92);
insert into towns (id, name, country_id) values (16, 'Zongjia', 2);
insert into towns (id, name, country_id) values (17, 'MДЃkЕ«', 50);
insert into towns (id, name, country_id) values (18, 'ЕЃobez', 11);
insert into towns (id, name, country_id) values (19, 'Novotroitskaya', 4);
insert into towns (id, name, country_id) values (20, 'Pashkovskiy', 4);
insert into towns (id, name, country_id) values (21, 'Junbu', 2);
insert into towns (id, name, country_id) values (22, 'Smolensk', 4);
insert into towns (id, name, country_id) values (23, 'Ipoh', 22);
insert into towns (id, name, country_id) values (24, 'LГјhua', 2);
insert into towns (id, name, country_id) values (25, 'Santa Helena de GoiГЎs', 92);
insert into towns (id, name, country_id) values (26, 'Passos', 92);
insert into towns (id, name, country_id) values (27, 'Nierumai', 2);
insert into towns (id, name, country_id) values (28, 'Coronel Fabriciano', 92);
insert into towns (id, name, country_id) values (29, 'Tomioka', 33);
insert into towns (id, name, country_id) values (32, 'Nevers', 39);
insert into towns (id, name, country_id) values (33, 'Ribeira Grande', 45);
insert into towns (id, name, country_id) values (36, 'GonвЂ™ba', 4);
insert into towns (id, name, country_id) values (37, 'Ban Talat Bueng', 40);
insert into towns (id, name, country_id) values (38, 'MontrГ©al-Ouest', 17);
insert into towns (id, name, country_id) values (39, 'SvalГ¶v', 47);
insert into towns (id, name, country_id) values (40, 'Jeponkrajan', 5);
insert into towns (id, name, country_id) values (41, 'PriozГ«rsk', 4);
insert into towns (id, name, country_id) values (42, 'Genteng', 5);
insert into towns (id, name, country_id) values (43, 'Chilliwack', 17);
insert into towns (id, name, country_id) values (44, 'Qinnan', 2);
insert into towns (id, name, country_id) values (45, 'Dalubian', 2);
insert into towns (id, name, country_id) values (48, 'Santo AntГґnio do Amparo', 92);
insert into towns (id, name, country_id) values (49, 'Rajal Norte', 34);
insert into towns (id, name, country_id) values (50, 'Alvaro Obregon', 51);
insert into towns (id, name, country_id) values (52, 'MontbГ©liard', 39);
insert into towns (id, name, country_id) values (53, 'Fredrikstad', 11);
insert into towns (id, name, country_id) values (54, 'Wushan', 2);
insert into towns (id, name, country_id) values (55, 'PoЕ‚omia', 11);
insert into towns (id, name, country_id) values (56, 'Usuki', 33);
insert into towns (id, name, country_id) values (57, 'PikalГ«vo', 4);
insert into towns (id, name, country_id) values (58, 'Dresden', 93);
insert into towns (id, name, country_id) values (62, 'Bobolice', 11);
insert into towns (id, name, country_id) values (63, 'Huanuni', 92);
insert into towns (id, name, country_id) values (68, 'Bagacay', 34);
insert into towns (id, name, country_id) values (71, 'Pueblo Nuevo', 91);
insert into towns (id, name, country_id) values (72, 'Thб»‹ TrбєҐn MЖ°б»ќng KhЖ°ЖЎng', 91);
insert into towns (id, name, country_id) values (73, 'Korsakovo', 4);
insert into towns (id, name, country_id) values (75, 'Genova', 94);
insert into towns (id, name, country_id) values (76, 'Maurole', 5);
insert into towns (id, name, country_id) values (77, 'Ulanov', 4);
insert into towns (id, name, country_id) values (78, 'Lubomierz', 11);
insert into towns (id, name, country_id) values (79, 'Yeroбє–am', 61);
insert into towns (id, name, country_id) values (80, 'Kaltan', 4);
insert into towns (id, name, country_id) values (82, 'TrГЄs Passos', 92);
insert into towns (id, name, country_id) values (83, 'Hongshi', 2);
insert into towns (id, name, country_id) values (84, 'Piskivka', 4);
insert into towns (id, name, country_id) values (85, 'Lianzhou', 2);
insert into towns (id, name, country_id) values (86, 'Nirasaki', 33);
insert into towns (id, name, country_id) values (87, 'Dimayon', 34);
insert into towns (id, name, country_id) values (88, 'Vostochnyy', 4);
insert into towns (id, name, country_id) values (90, 'Meijiang', 2);
insert into towns (id, name, country_id) values (91, 'Podbuzh', 4);
insert into towns (id, name, country_id) values (92, 'Francisco BeltrГЈo', 92);
insert into towns (id, name, country_id) values (93, 'Taraju', 5);
insert into towns (id, name, country_id) values (94, 'Przeworsk', 11);
insert into towns (id, name, country_id) values (95, 'Sacsamarca', 66);
insert into towns (id, name, country_id) values (96, 'Cacequi', 92);
insert into towns (id, name, country_id) values (97, 'Almeria', 95);
insert into towns (id, name, country_id) values (99, 'ZavolzhвЂ™ye', 4);
insert into towns (id, name, country_id) values (100, 'Bascaron', 34);


insert into stadiums (id, name, capacity, town_id) values (1, 'Demimbu', 21998, 68);
insert into stadiums (id, name, capacity, town_id) values (2, 'Mybuzz', 9347, 8);
insert into stadiums (id, name, capacity, town_id) values (3, 'Jayo', 77956, 50);
insert into stadiums (id, name, capacity, town_id) values (4, 'Cogibox', 53572, 28);
insert into stadiums (id, name, capacity, town_id) values (6, 'BlogXS', 1530, 85);
insert into stadiums (id, name, capacity, town_id) values (7, 'Brainsphere', 97725, 52);
insert into stadiums (id, name, capacity, town_id) values (8, 'Innojam', 80645, 53);
insert into stadiums (id, name, capacity, town_id) values (9, 'Roomm', 52456, 3);
insert into stadiums (id, name, capacity, town_id) values (10, 'Gabcube', 91778, 28);
insert into stadiums (id, name, capacity, town_id) values (11, 'Wikido', 82541, 38);
insert into stadiums (id, name, capacity, town_id) values (14, 'Jaxspan', 10076, 99);
insert into stadiums (id, name, capacity, town_id) values (15, 'Zoomcast', 43803, 5);
insert into stadiums (id, name, capacity, town_id) values (16, 'Chatterbridge', 44401, 26);
insert into stadiums (id, name, capacity, town_id) values (17, 'Riffpedia', 83548, 14);
insert into stadiums (id, name, capacity, town_id) values (18, 'Tagchat', 87630, 27);
insert into stadiums (id, name, capacity, town_id) values (19, 'Realfire', 50446, 16);
insert into stadiums (id, name, capacity, town_id) values (20, 'Kamba', 57210, 1);
insert into stadiums (id, name, capacity, town_id) values (21, 'Kimia', 97795, 26);
insert into stadiums (id, name, capacity, town_id) values (22, 'Skippad', 50321, 96);
insert into stadiums (id, name, capacity, town_id) values (24, 'InnoZ', 31402, 72);
insert into stadiums (id, name, capacity, town_id) values (25, 'Edgeblab', 97227, 62);
insert into stadiums (id, name, capacity, town_id) values (26, 'Photospace', 45816, 95);
insert into stadiums (id, name, capacity, town_id) values (27, 'Cogidoo', 68002, 44);
insert into stadiums (id, name, capacity, town_id) values (28, 'Dabjam', 86041, 22);
insert into stadiums (id, name, capacity, town_id) values (29, 'Zoombeat', 84070, 4);
insert into stadiums (id, name, capacity, town_id) values (30, 'Browsebug', 28123, 4);
insert into stadiums (id, name, capacity, town_id) values (31, 'Vitz', 65484, 49);
insert into stadiums (id, name, capacity, town_id) values (32, 'Feedfire', 97762, 40);
insert into stadiums (id, name, capacity, town_id) values (33, 'Vidoo', 59493, 39);
insert into stadiums (id, name, capacity, town_id) values (34, 'Feedmix', 51604, 17);
insert into stadiums (id, name, capacity, town_id) values (36, 'Buzzbean', 56063, 4);
insert into stadiums (id, name, capacity, town_id) values (37, 'Kwimbee', 25939, 27);
insert into stadiums (id, name, capacity, town_id) values (38, 'Fivechat', 71732, 58);
insert into stadiums (id, name, capacity, town_id) values (40, 'Kaymbo', 85718, 56);
insert into stadiums (id, name, capacity, town_id) values (41, 'Bluezoom', 97346, 4);
insert into stadiums (id, name, capacity, town_id) values (42, 'Einti', 62201, 73);
insert into stadiums (id, name, capacity, town_id) values (43, 'Skimia', 9147, 42);
insert into stadiums (id, name, capacity, town_id) values (44, 'Edgetag', 81952, 2);
insert into stadiums (id, name, capacity, town_id) values (45, 'Zazio', 85645, 25);
insert into stadiums (id, name, capacity, town_id) values (46, 'JumpXS', 54109, 45);
insert into stadiums (id, name, capacity, town_id) values (47, 'Blogpad', 24940, 26);
insert into stadiums (id, name, capacity, town_id) values (48, 'Topicstorm', 51470, 14);
insert into stadiums (id, name, capacity, town_id) values (50, 'Kare', 86490, 24);
insert into stadiums (id, name, capacity, town_id) values (51, 'Quinu', 84837, 11);
insert into stadiums (id, name, capacity, town_id) values (52, 'Oba', 64364, 49);
insert into stadiums (id, name, capacity, town_id) values (53, 'Youspan', 89397, 2);
insert into stadiums (id, name, capacity, town_id) values (54, 'Meemm', 59073, 57);
insert into stadiums (id, name, capacity, town_id) values (55, 'Tavu', 49969, 38);
insert into stadiums (id, name, capacity, town_id) values (56, 'Yotz', 88681, 79);
insert into stadiums (id, name, capacity, town_id) values (57, 'Realpoint', 99933, 96);
insert into stadiums (id, name, capacity, town_id) values (58, 'Blogtags', 97294, 6);
insert into stadiums (id, name, capacity, town_id) values (59, 'Eare', 70126, 87);
insert into stadiums (id, name, capacity, town_id) values (60, 'Skippad', 65372, 53);
insert into stadiums (id, name, capacity, town_id) values (61, 'Jaloo', 14002, 3);
insert into stadiums (id, name, capacity, town_id) values (63, 'Eire', 28968, 10);
insert into stadiums (id, name, capacity, town_id) values (64, 'Mymm', 67757, 37);
insert into stadiums (id, name, capacity, town_id) values (65, 'Quaxo', 26706, 94);
insert into stadiums (id, name, capacity, town_id) values (66, 'Kazio', 39267, 49);
insert into stadiums (id, name, capacity, town_id) values (67, 'Eamia', 85236, 99);
insert into stadiums (id, name, capacity, town_id) values (68, 'Agivu', 26828, 18);
insert into stadiums (id, name, capacity, town_id) values (69, 'Zoovu', 18090, 8);
insert into stadiums (id, name, capacity, town_id) values (70, 'Trudoo', 83935, 58);
insert into stadiums (id, name, capacity, town_id) values (71, 'Wordware', 39600, 72);
insert into stadiums (id, name, capacity, town_id) values (72, 'Dabvine', 71041, 68);
insert into stadiums (id, name, capacity, town_id) values (73, 'Avaveo', 42490, 52);
insert into stadiums (id, name, capacity, town_id) values (74, 'Topiczoom', 51142, 2);
insert into stadiums (id, name, capacity, town_id) values (75, 'Thoughtbeat', 12302, 29);
insert into stadiums (id, name, capacity, town_id) values (76, 'Flipstorm', 92857, 62);
insert into stadiums (id, name, capacity, town_id) values (79, 'Trilith', 93996, 72);
insert into stadiums (id, name, capacity, town_id) values (80, 'Eadel', 73873, 83);
insert into stadiums (id, name, capacity, town_id) values (81, 'Viva', 98698, 62);
insert into stadiums (id, name, capacity, town_id) values (83, 'Mydeo', 47344, 94);
insert into stadiums (id, name, capacity, town_id) values (84, 'Linkbuzz', 14802, 88);
insert into stadiums (id, name, capacity, town_id) values (85, 'Innotype', 49692, 58);
insert into stadiums (id, name, capacity, town_id) values (86, 'Izio', 79836, 14);
insert into stadiums (id, name, capacity, town_id) values (87, 'Edgeify', 61464, 100);
insert into stadiums (id, name, capacity, town_id) values (88, 'Divape', 24058, 24);
insert into stadiums (id, name, capacity, town_id) values (89, 'Realblab', 50504, 97);
insert into stadiums (id, name, capacity, town_id) values (90, 'Dazzlesphere', 25051, 23);
insert into stadiums (id, name, capacity, town_id) values (91, 'Jaxworks', 95281, 13);
insert into stadiums (id, name, capacity, town_id) values (94, 'Pixonyx', 18757, 75);
insert into stadiums (id, name, capacity, town_id) values (96, 'Voolith', 35062, 33);
insert into stadiums (id, name, capacity, town_id) values (97, 'Zooveo', 39163, 99);
insert into stadiums (id, name, capacity, town_id) values (98, 'Leexo', 10848, 55);
insert into stadiums (id, name, capacity, town_id) values (99, 'Linklinks', 54085, 75);
insert into stadiums (id, name, capacity, town_id) values (100, 'Twitterbridge', 28230, 49);



insert into teams (id, name, established, fan_base, stadium_id) values (1, 'Skyble', '1953-11-14', 5381600486852672412, 69);
insert into teams (id, name, established, fan_base, stadium_id) values (2, 'Skajo', '1947-01-13', 3060821043074282055, 94);
insert into teams (id, name, established, fan_base, stadium_id) values (3, 'Yadel', '1944-03-01', 6386246859904901308, 51);
insert into teams (id, name, established, fan_base, stadium_id) values (4, 'Devpoint', '1961-02-22', 6215350118892605178, 85);
insert into teams (id, name, established, fan_base, stadium_id) values (6, 'Roombo', '1977-12-26', 7073663598690561405, 80);
insert into teams (id, name, established, fan_base, stadium_id) values (8, 'Realcube', '2006-01-04', 7021566034033315258, 25);
insert into teams (id, name, established, fan_base, stadium_id) values (9, 'Feednation', '1915-03-16', 3982306259829591228, 40);
insert into teams (id, name, established, fan_base, stadium_id) values (10, 'Wikizz', '1904-05-26', 1436596681261571018, 45);
insert into teams (id, name, established, fan_base, stadium_id) values (13, 'Tanoodle', '1904-12-27', 3287399043417734666, 50);
insert into teams (id, name, established, fan_base, stadium_id) values (14, 'Photolist', '2005-06-05', 876656133954277640, 36);
insert into teams (id, name, established, fan_base, stadium_id) values (15, 'Pixope', '1992-09-23', 1729201483122224567, 40);
insert into teams (id, name, established, fan_base, stadium_id) values (16, 'Bubbletube', '1918-05-18', 7140299616505850269, 38);
insert into teams (id, name, established, fan_base, stadium_id) values (17, 'Jetwire', '1945-08-28', 5375286698890587231, 38);
insert into teams (id, name, established, fan_base, stadium_id) values (21, 'Photobean', '2002-05-21', 8178357466089602342, 58);
insert into teams (id, name, established, fan_base, stadium_id) values (22, 'Divape', '1922-07-11', 6963522629534850779, 48);
insert into teams (id, name, established, fan_base, stadium_id) values (23, 'Dablist', '1997-10-24', 794437919525920573, 54);
insert into teams (id, name, established, fan_base, stadium_id) values (24, 'Fadeo', '1905-02-09', 3698680202724931601, 32);
insert into teams (id, name, established, fan_base, stadium_id) values (25, 'Myworks', '1982-01-09', 7780349345745097505, 26);
insert into teams (id, name, established, fan_base, stadium_id) values (26, 'Feedmix', '2013-02-19', 5138699256958311659, 91);
insert into teams (id, name, established, fan_base, stadium_id) values (27, 'Voolith', '1914-11-24', 7043720697648815633, 89);
insert into teams (id, name, established, fan_base, stadium_id) values (28, 'Yata', '1932-01-30', 1268602933821301763, 56);
insert into teams (id, name, established, fan_base, stadium_id) values (29, 'Flipopia', '2008-04-24', 6672653436110284307, 22);
insert into teams (id, name, established, fan_base, stadium_id) values (30, 'Fiveclub', '1997-07-01', 1536691600011844615, 6);
insert into teams (id, name, established, fan_base, stadium_id) values (31, 'Voomm', '1978-01-10', 4105417083349095755, 46);
insert into teams (id, name, established, fan_base, stadium_id) values (32, 'Skyvu', '2004-05-26', 1160854837502637250, 1);
insert into teams (id, name, established, fan_base, stadium_id) values (33, 'Tagcat', '2018-07-03', 5826937455976510417, 1);
insert into teams (id, name, established, fan_base, stadium_id) values (34, 'Trilith', '1940-05-03', 8216613172238695440, 16);
insert into teams (id, name, established, fan_base, stadium_id) values (35, 'Dabtype', '2014-03-18', 911369134867223134, 38);
insert into teams (id, name, established, fan_base, stadium_id) values (36, 'Voolia', '1918-09-08', 1333656558698142583, 89);
insert into teams (id, name, established, fan_base, stadium_id) values (37, 'Shuffletag', '1960-08-18', 8190843914298347287, 21);
insert into teams (id, name, established, fan_base, stadium_id) values (38, 'Pixonyx', '1976-04-27', 319927746577385011, 28);
insert into teams (id, name, established, fan_base, stadium_id) values (40, 'Skiptube', '1961-11-04', 8935340069190771592, 52);
insert into teams (id, name, established, fan_base, stadium_id) values (41, 'Quinu', '1994-06-12', 5876435157776002083, 94);
insert into teams (id, name, established, fan_base, stadium_id) values (43, 'Realbridge', '1969-01-05', 4541229891367264937, 34);
insert into teams (id, name, established, fan_base, stadium_id) values (44, 'Fatz', '1983-05-05', 4790331150070136719, 69);
insert into teams (id, name, established, fan_base, stadium_id) values (45, 'Ntags', '1981-06-05', 3508984270641351110, 16);
insert into teams (id, name, established, fan_base, stadium_id) values (46, 'Browsebug', '1930-09-08', 1801270536254666585, 55);
insert into teams (id, name, established, fan_base, stadium_id) values (48, 'Skivee', '1931-02-05', 736740182984678619, 56);
insert into teams (id, name, established, fan_base, stadium_id) values (49, 'Katz', '1913-09-29', 5012189250438264342, 40);
insert into teams (id, name, established, fan_base, stadium_id) values (50, 'Dabfeed', '1940-04-28', 1819467455864248592, 48);
insert into teams (id, name, established, fan_base, stadium_id) values (52, 'Twinte', '1994-04-22', 9146216041973848053, 27);
insert into teams (id, name, established, fan_base, stadium_id) values (53, 'Eire', '1927-03-06', 5482061253080674936, 14);
insert into teams (id, name, established, fan_base, stadium_id) values (54, 'Edgetag', '1907-05-14', 6158211782371509093, 81);
insert into teams (id, name, established, fan_base, stadium_id) values (55, 'Yakitri', '1980-11-25', 7105240609489291112, 27);
insert into teams (id, name, established, fan_base, stadium_id) values (56, 'Yodoo', '1944-01-03', 3469901618101059464, 84);
insert into teams (id, name, established, fan_base, stadium_id) values (57, 'Vinte', '2014-05-21', 4388010667399843460, 59);
insert into teams (id, name, established, fan_base, stadium_id) values (58, 'Jamia', '1951-02-27', 5742547975482276839, 72);
insert into teams (id, name, established, fan_base, stadium_id) values (59, 'Miboo', '1971-08-02', 30087062078800256, 27);
insert into teams (id, name, established, fan_base, stadium_id) values (60, 'Cogilith', '1905-03-06', 8494896707349423124, 90);
insert into teams (id, name, established, fan_base, stadium_id) values (61, 'Meembee', '1920-09-19', 3623803303972110845, 72);
insert into teams (id, name, established, fan_base, stadium_id) values (62, 'Ailane', '1963-08-20', 6711237100133852778, 91);
insert into teams (id, name, established, fan_base, stadium_id) values (63, 'Zoombox', '1928-06-23', 5587047626464497328, 83);
insert into teams (id, name, established, fan_base, stadium_id) values (64, 'Wikibox', '1936-12-10', 7279586585838963694, 61);
insert into teams (id, name, established, fan_base, stadium_id) values (65, 'Browsetype', '1925-08-17', 5292240404387586366, 21);
insert into teams (id, name, established, fan_base, stadium_id) values (66, 'Ntag', '2000-09-27', 7755181941187484930, 51);
insert into teams (id, name, established, fan_base, stadium_id) values (67, 'Buzzbean', '2018-11-15', 666316370089900538, 29);
insert into teams (id, name, established, fan_base, stadium_id) values (68, 'Skaboo', '1984-01-19', 2615683851634869122, 52);
insert into teams (id, name, established, fan_base, stadium_id) values (69, 'Livetube', '1944-08-07', 5735345547221813220, 48);
insert into teams (id, name, established, fan_base, stadium_id) values (70, 'Divavu', '1922-09-16', 244790118398382264, 65);
insert into teams (id, name, established, fan_base, stadium_id) values (71, 'Meetz', '1902-05-21', 2285861017794534935, 69);
insert into teams (id, name, established, fan_base, stadium_id) values (72, 'Tagopia', '1968-06-08', 2067286362619260830, 84);
insert into teams (id, name, established, fan_base, stadium_id) values (73, 'Zoonoodle', '1910-02-05', 4705666461892628623, 87);
insert into teams (id, name, established, fan_base, stadium_id) values (74, 'Kanoodle', '2013-05-23', 5695178504367952624, 76);
insert into teams (id, name, established, fan_base, stadium_id) values (75, 'Tagchat', '1907-12-12', 2153317859111089038, 27);
insert into teams (id, name, established, fan_base, stadium_id) values (78, 'Vinder', '1983-08-28', 5521362466164868088, 61);
insert into teams (id, name, established, fan_base, stadium_id) values (79, 'Yombu', '1974-11-12', 2242657548817015598, 88);
insert into teams (id, name, established, fan_base, stadium_id) values (80, 'Photobug', '1985-02-07', 6590272482775810761, 65);
insert into teams (id, name, established, fan_base, stadium_id) values (81, 'Gabtype', '2001-08-10', 5538742810653865932, 79);
insert into teams (id, name, established, fan_base, stadium_id) values (82, 'Meevee', '1900-11-09', 3089350741966143308, 11);
insert into teams (id, name, established, fan_base, stadium_id) values (83, 'Thoughtstorm', '1975-05-22', 2713385532319684164, 11);
insert into teams (id, name, established, fan_base, stadium_id) values (84, 'Eamia', '1911-03-15', 4143670135638409582, 51);
insert into teams (id, name, established, fan_base, stadium_id) values (86, 'Mymm', '2014-08-05', 1590890837666208012, 88);
insert into teams (id, name, established, fan_base, stadium_id) values (87, 'Tekfly', '1911-12-12', 664362306291639287, 24);
insert into teams (id, name, established, fan_base, stadium_id) values (88, 'Dabshots', '1997-11-08', 2430628559570464120, 36);
insert into teams (id, name, established, fan_base, stadium_id) values (89, 'Abatz', '1973-04-06', 7761143031795602215, 70);
insert into teams (id, name, established, fan_base, stadium_id) values (90, 'Shufflester', '1982-04-25', 7180824955244215528, 33);
insert into teams (id, name, established, fan_base, stadium_id) values (91, 'Gabcube', '2010-03-08', 9081583761206262386, 33);
insert into teams (id, name, established, fan_base, stadium_id) values (92, 'Skipstorm', '1943-05-09', 7026806565631068300, 91);
insert into teams (id, name, established, fan_base, stadium_id) values (93, 'Dabshots', '1933-12-06', 1315623029582223186, 14);
insert into teams (id, name, established, fan_base, stadium_id) values (94, 'Snaptags', '1903-02-23', 2925448464723899669, 30);
insert into teams (id, name, established, fan_base, stadium_id) values (95, 'Trupe', '2002-11-09', 8657673499207692507, 63);
insert into teams (id, name, established, fan_base, stadium_id) values (96, 'Fivespan', '1937-12-13', 1367828221665223895, 15);
insert into teams (id, name, established, fan_base, stadium_id) values (97, 'Plajo', '1952-06-14', 7105974836341759099, 15);
insert into teams (id, name, established, fan_base, stadium_id) values (98, 'Jabbercube', '1904-04-04', 8046368032925194865, 91);
insert into teams (id, name, established, fan_base, stadium_id) values (99, 'Devify', '1921-10-23', 6988886166251943170, 18);
insert into teams (id, name, established, fan_base, stadium_id) values (100, 'Demizz', '2018-12-14', 3696633192817061145, 55);